index,thesis_year,thesis_title,thesis_author,size,thesis_link,pdf_link,path,isScan,school_simple,school_complex
167,30-Sep-2011,Creación de grupos de apoyo para promover educación sexual en adolescentes basada en valores morales con estudiantes cursantes del octavo y noveno grado de la Unidad Educativa “Virgen de Coromoto” Municipio San Diego Valencia estado Carabobo 2005,"Centeno, Miriam; Hurtado, Nancy; Padrón, Dilcia",1.03 MB,http://saber.ucv.ve/handle/10872/361,http://saber.ucv.ve/bitstream/10872/361/1/Tesis.pdf,thesis_pdf/167.pdf,False,ESCUELA DE ENFERMERIA,Escuela de Enfermería
37,1-Jun-2011,Desarrollo de un programa modular para el ajuste de datos experimentales con modelos no lineales,"Bazó C., Pedro J.",1.28 MB,http://saber.ucv.ve/handle/10872/71,http://saber.ucv.ve/bitstream/10872/71/1/TRABAJO%20ESPECIAL%20DE%20GRADO_noPW.pdf,thesis_pdf/37.pdf,False,Escuela de Ingenieria Quimica,Escuela de Ingeniería Química
39,1-Jun-2011,Control multivariable de un sistema de generación de vapor,"Álvarez S., José G.",1.33 MB,http://saber.ucv.ve/handle/10872/64,http://saber.ucv.ve/bitstream/10872/64/1/TEG%20CONTROL%20MULTIVARIABLE%20SGV%20.pdf,thesis_pdf/39.pdf,False,Escuela de Ingenieria Quimica,Escuela de Ingeniería Química
76,13-Jun-2011,Estudio y evaluación del proceso de alquilación de la refinería El Palito,"Espinoza N., Ruth; Ricci Z., Rita",1.06 MB,http://saber.ucv.ve/handle/10872/125,http://saber.ucv.ve/bitstream/10872/125/1/tesis%20en%20simulaci%c3%b3n%20perteneciente%20a%20Rita%20y%20Ruth.pdf,thesis_pdf/76.pdf,False,Escuela de Ingenieria Quimica,Escuela de Ingeniería Química
189,30-Sep-2011,"Liderazgo de la enfermera supervisora y la motivación de la enfermera de atención directa (ead) en la unidad de perinatología pediátrica del complejo universitario, “Ruiz y Páez”, de Ciudad Bolívar 2do. Semestre del año 2004","Alcalá, Miraldy; López, Nelly",1.07 MB,http://saber.ucv.ve/handle/10872/321,http://saber.ucv.ve/bitstream/10872/321/1/Tesis%20Liderazgo%20de%20la%20enfermera%20supervisora.pdf,thesis_pdf/189.pdf,False,ESCUELA DE ENFERMERIA,Escuela de Enfermería
110,22-Jun-2011,Evaluación de las propiedades mecánicas de sistemas de cemento reforzados con fibras,"Martín C., José J.",1.09 MB,http://saber.ucv.ve/handle/10872/192,http://saber.ucv.ve/bitstream/10872/192/1/EVALUACI%c3%93N%20DE%20LAS%20PROPIEDADES%20MEC%c3%81NICAS%20DE%20SISTEMAS%20DE%20CEMEN.pdf,thesis_pdf/110.pdf,False,Escuela de Ingenieria de Petroleo,Escuela de Ingeniería de Petroleo
124,23-Jun-2011,Metodología estándar para estimar los puntos de corte y rendimientos en las unidades de destilación del circuito refinador venezolano,"Ruiz C., Luis A.",1.13 MB,http://saber.ucv.ve/handle/10872/229,http://saber.ucv.ve/bitstream/10872/229/1/Trabajo%20Especial%20de%20Grado%20Luis%20Ruiz.pdf,thesis_pdf/124.pdf,False,Escuela de Ingenieria Quimica,Escuela de Ingeniería Química
98,20-Jun-2011,"Módulos de automatización de dibujos de vigas y conexiones en acero estructural, operando dentro de un sistema CAD","Herrera T., José E.",1.19 MB,http://saber.ucv.ve/handle/10872/161,http://saber.ucv.ve/bitstream/10872/161/1/M%c3%93DULOS%20DE%20AUTOMATIZACI%c3%93N%20DE%20DIBUJOS%20DE%20VIGAS%20Y%20CONEXIONES%20.pdf,thesis_pdf/98.pdf,False,Escuela de Ingenieria Civil,Escuela de Ingeniería Civil
22,31-May-2011,"Estudio fluidodinámico en una columna rellena con empaque estructurado sulzer smvp, con dirección de transferencia de masa de la fase dispersa a la fase continua","Altuve Ch., María I.; Cueto G., Frederick",1.21 MB,http://saber.ucv.ve/handle/10872/61,http://saber.ucv.ve/bitstream/10872/61/1/Tesis.pdf,thesis_pdf/22.pdf,False,Escuela de Ingenieria Quimica,Escuela de Ingeniería Química
106,22-Jun-2011,Desarrollo de propuestas para el manejo de los residuos de la planta de estructuras metálicas de la empresa ABB de Venezuela,"Mera V., Anndy G.",1.21 MB,http://saber.ucv.ve/handle/10872/195,http://saber.ucv.ve/bitstream/10872/195/1/TRABAJO%20ESPECIAL%20DE%20GRADO.pdf,thesis_pdf/106.pdf,False,Escuela de Ingenieria Quimica,Escuela de Ingeniería Química
100,20-Jun-2011,Modelaje geoestadístico de un campo de permeabilidad con integración de datos dinámicos,"Hernández R., Edwin G.",1.27 MB,http://saber.ucv.ve/handle/10872/158,http://saber.ucv.ve/bitstream/10872/158/1/TEG.pdf,thesis_pdf/100.pdf,False,No school,None
17,31-May-2011,Estudio del efecto de la forma y el tamaño de las partículas sobre la velocidad de sedimentación gravitacional de suspensiones,"Sayago P., Johnny A.",1.34 MB,http://saber.ucv.ve/handle/10872/46,http://saber.ucv.ve/bitstream/10872/46/1/Efecto%20de%20forma%20y%20tamano%20en%20sedimentacion.pdf,thesis_pdf/17.pdf,False,Escuela de Ingenieria Quimica,Escuela de Ingeniería Química
59,3-Jun-2011,Manual de procedimientos para el diseño de proyectos de inversión de capital basado en aspectos de confiabilidad,"Castillo A., Henry J.",1.69 MB,http://saber.ucv.ve/handle/10872/108,http://saber.ucv.ve/bitstream/10872/108/1/Tesis.pdf,thesis_pdf/59.pdf,False,Escuela de Ingenieria Mecanica,Escuela de Ingeniería Mecanica
120,22-Jun-2011,Estudio de la influencia del período de muestreo en el comportamiento de un sistema de regulación PID digital para el control de flujo.,"Mora Z., Franklin A.; Vergara V., Luis E.",1.66 MB,http://saber.ucv.ve/handle/10872/196,http://saber.ucv.ve/bitstream/10872/196/1/TESIS%20TOTAL%20A%20ENTREGAR%20CD.pdf,thesis_pdf/120.pdf,False,Escuela de Ingenieria Mecanica,Escuela de Ingeniería Mecanica
146,23-Jun-2011,Influencia de la estructura de la torta sobre su permeabilidad y porosidad,"Rojas C., Gloria C.",1.48 MB,http://saber.ucv.ve/handle/10872/225,http://saber.ucv.ve/bitstream/10872/225/1/Tesis-GloriaRojas.pdf,thesis_pdf/146.pdf,False,Escuela de Ingenieria Quimica,Escuela de Ingeniería Química
199,30-Sep-2011,"Propuesta de educación permanente dirigida a la capacitación de los profesionales de enfermería de las unidades clínicas de pediatría del hospital ""DR. Raúl Leoni Otero"", San Félix estado Bolívar","Gorrochotegui, Libia",1.48 MB,http://saber.ucv.ve/handle/10872/340,http://saber.ucv.ve/bitstream/10872/340/1/tesis.pdf,thesis_pdf/199.pdf,False,ESCUELA DE ENFERMERIA,Escuela de Enfermería
50,3-Jun-2011,Modelaje y simulación de una celda para la determinación de difusividades térmicas en polímeros empleando métodos no estacionarios.,"Cadenas H., Madelin N.; Pérez P., Tania S.",1.49 MB,http://saber.ucv.ve/handle/10872/96,http://saber.ucv.ve/bitstream/10872/96/1/TOMO%20II_entregafinal.pdf,thesis_pdf/50.pdf,False,Escuela de Ingenieria Quimica,Escuela de Ingeniería Química
128,23-Jun-2011,Estudio experimental del efecto de la interferencia sobre el comportamiento de una bomba de cavidad progresiva de estator rígido.,"Sánchez M., Carlos A.",1.51 MB,http://saber.ucv.ve/handle/10872/233,http://saber.ucv.ve/bitstream/10872/233/1/Tesis.pdf,thesis_pdf/128.pdf,False,Escuela de Ingenieria de Petroleo,Escuela de Ingeniería de Petroleo
151,20-Jul-2011,"Ubicación, diseño, construcción, mantenimiento y operación de pozos de agua subterránea caso de estudio: Cervecería Polar los Cortijos C.A","García Machado, Vanessa A.",1.54 MB,http://saber.ucv.ve/handle/10872/313,http://saber.ucv.ve/bitstream/10872/313/1/TESISII_POZOS-2003.pdf,thesis_pdf/151.pdf,False,Escuela de Ingenieria Quimica,Escuela de Ingeniería Química
159,30-Sep-2011,Desempeño laboral de los profesionales de enfermería en el Hospital Vargas de Caracas durante el segundo trimestre de 2005,"Machillanda, Dubraska",1.54 MB,http://saber.ucv.ve/handle/10872/344,http://saber.ucv.ve/bitstream/10872/344/1/tesis%20dubraska.pdf,thesis_pdf/159.pdf,False,ESCUELA DE ENFERMERIA,Escuela de Enfermería
19,31-May-2011,"Efecto de los rayos gamma (g) sobre el comportamiento mecánico, térmico y morfológico de las mezclas de ps/pp.","Rodríguez G., Marlene C.",1.62 MB,http://saber.ucv.ve/handle/10872/42,http://saber.ucv.ve/bitstream/10872/42/1/Tesis%20M_Rodriguez.PDF,thesis_pdf/19.pdf,False,Escuela de Ingenieria Quimica,Escuela de Ingeniería Química
47,3-Jun-2011,Efecto de la acidez en el comportamiento de tamices moleculares para la obtención de ésteres,"Castillo A., Eduardo A.; Joubert S., Johan F.",1.63 MB,http://saber.ucv.ve/handle/10872/106,http://saber.ucv.ve/bitstream/10872/106/1/TESIS%20II.pdf,thesis_pdf/47.pdf,False,Escuela de Ingenieria Quimica,Escuela de Ingeniería Química
78,15-Jun-2011,Diseño y construcción de un sistema de suministro de agua para una comunidad agrícola,"De Freitas J., Reinaldo A.; Sanchez H., Sergio A.",3.51 MB,http://saber.ucv.ve/handle/10872/135,http://saber.ucv.ve/bitstream/10872/135/1/Tesis%20Sistema%20de%20Bombeo%202002.pdf,thesis_pdf/78.pdf,False,No school,None
33,1-Jun-2011,“Estudio del efecto de la adición del compuesto Z – trol 60 como emulsificante y humectante en fluidos de perforación base aceite”,"Alvarez G., David",1.75 MB,http://saber.ucv.ve/handle/10872/63,http://saber.ucv.ve/bitstream/10872/63/1/TESIS%20ALVAREZ.pdf,thesis_pdf/33.pdf,False,Escuela de Ingenieria de Petroleo,Escuela de Ingeniería de Petroleo
29,31-May-2011,Evaluación del sistema de refrigeración del lubricante para turbinas a gas MS 5001P,"Aguilera L., Engelbert; Alvarez Q., John A.",15.52 MB,http://saber.ucv.ve/handle/10872/59,http://saber.ucv.ve/bitstream/10872/59/1/TEG__EVALUACION_DEL_SISTEMA.PDF,thesis_pdf/29.pdf,False,Escuela de Ingenieria Mecanica,Escuela de Ingeniería Mecanica
48,3-Jun-2011,Análisis de factibilidad para la implantación de tecnologías de camisa expansible en el aislamiento de zonas de presión anormal en el Distrito Punta de Mata,"Cardozo C., Luis G.",10.85 MB,http://saber.ucv.ve/handle/10872/101,http://saber.ucv.ve/bitstream/10872/101/1/Luis_Cardozo_2002.pdf,thesis_pdf/48.pdf,False,Escuela de Ingenieria de Petroleo,Escuela de Ingeniería de Petroleo
36,1-Jun-2011,Aplicación de la metodología VCD (visualización conceptualización y definición) en la elaboración del programa de perforación de una localización del campo sinco de la unidad explotación Barinas del distrito sur de PDVSA.,"Arellano L., Taymara R.; Coello P., Pablo C.",11.06 MB,http://saber.ucv.ve/handle/10872/66,http://saber.ucv.ve/bitstream/10872/66/1/Tesis%20Final.pdf,thesis_pdf/36.pdf,False,Escuela de Ingenieria de Petroleo,Escuela de Ingeniería de Petroleo
71,7-Jun-2011,Diseño de un ciclo cerrado por adsorción empleando zeolita-agua y energía solar,"Castro G., Roberto J.; Escalona H., Eliécer",1.75 MB,http://saber.ucv.ve/handle/10872/110,http://saber.ucv.ve/bitstream/10872/110/1/Dise%c3%b1o%20de%20un%20ciclo%20cerrado%20por%20adsorci%c3%b3n%20empleando%20agua-ze%e2%80%a6.pdf,thesis_pdf/71.pdf,False,Escuela de Fisica,Escuela de Física
83,15-Jun-2011,"Desarrollo de yacimientos marginales mediante producción en conjunto. Caso: área oeste, Campo Dación","Galavís B., Andrés S.",1.75 MB,http://saber.ucv.ve/handle/10872/136,http://saber.ucv.ve/bitstream/10872/136/1/Producci%c3%b3nConjuntaDaci%c3%b3n.pdf,thesis_pdf/83.pdf,False,Escuela de Ingenieria de Petroleo,Escuela de Ingeniería de Petroleo
176,30-Sep-2011,Cuidados de enfermería brindados a la mujer postcesareada  en el servicio de puerperio clínica maternidad Santa Ana IVSS primer trimestre 2005,"Ochoa, Ercilia; Rosa, Yris; Zarza, Yajaira",1.76 MB,http://saber.ucv.ve/handle/10872/346,http://saber.ucv.ve/bitstream/10872/346/1/Tesis%20Clima%20organizacional.pdf,thesis_pdf/176.pdf,False,ESCUELA DE ENFERMERIA,Escuela de Enfermería
3,27-May-2011,Estudio de la influencia de las condiciones de preparación de catalizadores de ru/zeolita-y y ru/ al2 o3 en reacciones de hidrotratamiento,"Fernández, Fernando J.",1.78 MB,http://saber.ucv.ve/handle/10872/33,http://saber.ucv.ve/bitstream/10872/33/1/tesis%20%20%20fin%20ii.pdf,thesis_pdf/3.pdf,False,Escuela de Ingenieria Quimica,Escuela de Ingeniería Química
60,7-Jun-2011,Diagnóstico del problema de producción de arena y desarrollo de una metodología para la selección del método más adecuado para su control en el área mayor de Socororo,"Díaz, Cristian E.; Díaz, Yoslery C.",1.93 MB,http://saber.ucv.ve/handle/10872/118,http://saber.ucv.ve/bitstream/10872/118/1/TRABAJO%20ESPECIAL%20DE%20GRADO.pdf,thesis_pdf/60.pdf,False,Escuela de Ingenieria de Petroleo,Escuela de Ingeniería de Petroleo
88,15-Jun-2011,Predicción de la cinética de deslicorización de tortas de filtración a partir de la curva de presión capilar,"Fermín G., María G.; Fradique R., Vannesa A.",1.99 MB,http://saber.ucv.ve/handle/10872/129,http://saber.ucv.ve/bitstream/10872/129/1/Tesis%20Ferm%c3%adn-Fradique.pdf,thesis_pdf/88.pdf,False,Escuela de Ingenieria Quimica,Escuela de Ingeniería Química
38,1-Jun-2011,"Interpretación sísmica estructural 3D y uso de atributos sísmicos en el mioceno medio - eoceno del área VLA-62 bloque I, Lago de Maracaibo","Araujo G., Elisa M.",10.21 MB,http://saber.ucv.ve/handle/10872/65,http://saber.ucv.ve/bitstream/10872/65/1/TEG_Elisa_Araujo.pdf,thesis_pdf/38.pdf,False,"Escuela de Geologia, Minas y Geofisica","Escuela de Geología, Minas y Geofísica"
87,15-Jun-2011,"Análisis y modelaje de atributos sísmicos en la Región de Monagas, utilizando datos sísmicos 2D","Fernándes Da S., Juan C.",10.66 MB,http://saber.ucv.ve/handle/10872/131,http://saber.ucv.ve/bitstream/10872/131/1/TRABAJO%20ESPECIAL%20DE%20GRADO.pdf,thesis_pdf/87.pdf,False,No school,None
28,31-May-2011,"Determinación de registros pseudo sónicos a partir de registros de resistividad en los campos Barúa, Motatán Y Tomoporo.","Urbina P., Eros R.",11.62 MB,http://saber.ucv.ve/handle/10872/53,http://saber.ucv.ve/bitstream/10872/53/1/TRABAJO%20ESPECIAL%20DE%20GRADO.pdf,thesis_pdf/28.pdf,False,"Escuela de Geologia, Minas y Geofisica","Escuela de Geología, Minas y Geofísica"
64,7-Jun-2011,"Modelo sedimentológico-estratigráfico del yacimiento C-5 (formación Misoa), área VLA-12. Bloque I. Lago de Maracaibo.","Escalante, Norelys del C.",15.44 MB,http://saber.ucv.ve/handle/10872/122,http://saber.ucv.ve/bitstream/10872/122/1/TESIS.pdf,thesis_pdf/64.pdf,False,No school,None
113,22-Jun-2011,Evaluación de materiales cementantes para pozos de petróleo y o gas con propiedades antimigratorias de gas,"Márquez F., Geilhy Z.",1.72 MB,http://saber.ucv.ve/handle/10872/191,http://saber.ucv.ve/bitstream/10872/191/1/TEG%20GEILHY.pdf,thesis_pdf/113.pdf,False,Escuela de Ingenieria Quimica,Escuela de Ingeniería Química
135,23-Jun-2011,"Diagnóstico, evaluación y optimización de los métodos de levantamiento artificial en la unidad de explotación de yacimientos Barinas, Campo Sinco","Rattia A., Luis J.",11.84 MB,http://saber.ucv.ve/handle/10872/216,http://saber.ucv.ve/bitstream/10872/216/1/LRATTIA_TESIS.pdf,thesis_pdf/135.pdf,False,Escuela de Ingenieria de Petroleo,Escuela de Ingeniería de Petroleo
56,3-Jun-2011,"Factibilidad del uso de tecnología DOWS y tecnología de geles para control de la producción de agua en el área O-16 de bitor, bitúmenes Orinoco, S.A","Briceño. G., Lisett. C.; Leal. A., Omar. E.",12.32 MB,http://saber.ucv.ve/handle/10872/93,http://saber.ucv.ve/bitstream/10872/93/1/TESIS%20Lisett%20%26%20Enrique.pdf,thesis_pdf/56.pdf,False,Escuela de Ingenieria de Petroleo,Escuela de Ingeniería de Petroleo
123,23-Jun-2011,"Elaboración de un método de evaluación del sistema de control de sólidos, basado en una nueva definición de los objetivos funcionales de los equipos y en un nuevo concepto de eficiencia","Quirós L., Fermín A.",12.7 MB,http://saber.ucv.ve/handle/10872/215,http://saber.ucv.ve/bitstream/10872/215/1/TRABAJ~3.PDF,thesis_pdf/123.pdf,False,Escuela de Ingenieria de Petroleo,Escuela de Ingeniería de Petroleo
62,7-Jun-2011,"Reinterpretación petrofísica de las arenas basales de la formación Paují y FM. Misoa del Campo Barúa, cuenca del Lago de Maracaibo, Edo. Zulia.","Cheng R., Francisco J.",13.44 MB,http://saber.ucv.ve/handle/10872/111,http://saber.ucv.ve/bitstream/10872/111/1/TESIS.pdf,thesis_pdf/62.pdf,False,"Escuela de Geologia, Minas y Geofisica","Escuela de Geología, Minas y Geofísica"
86,15-Jun-2011,Diseño y construcción de un banco didáctico para equipos de la caja automática ZF 5HP-500,"Ferro I., William A.",13.55 MB,http://saber.ucv.ve/handle/10872/132,http://saber.ucv.ve/bitstream/10872/132/1/Trabajo%20Especial.pdf,thesis_pdf/86.pdf,False,Escuela de Ingenieria Mecanica,Escuela de Ingeniería Mecanica
75,13-Jun-2011,"Diseño, construcción y pruebas de una bomba centrífuga AZF 80-160","Espejo C., Jean P.; Valladares C., José D.",14.03 MB,http://saber.ucv.ve/handle/10872/124,http://saber.ucv.ve/bitstream/10872/124/1/Informe.pdf,thesis_pdf/75.pdf,False,Escuela de Ingenieria Mecanica,Escuela de Ingeniería Mecanica
94,20-Jun-2011,Modelado sísmico en el Oriente de Venezuela para evaluar diferentes diagnósticos y geometrías de adquisición,"Lara G., Anny J.",14.67 MB,http://saber.ucv.ve/handle/10872/173,http://saber.ucv.ve/bitstream/10872/173/1/Tesis_Anny_Lara.pdf,thesis_pdf/94.pdf,False,"Escuela de Geologia, Minas y Geofisica","Escuela de Geología, Minas y Geofísica"
45,3-Jun-2011,"Estudio microtectónico de la vertiente norte del Macizo Ávila, entre Punta Care y La Guaira, Estado Vargas","Bravo G., Argenis A.; Vilas B., Brian M.",14.97 MB,http://saber.ucv.ve/handle/10872/92,http://saber.ucv.ve/bitstream/10872/92/1/TEG%20Bravo%20%26%20Vilas%202002.pdf,thesis_pdf/45.pdf,False,"Escuela de Geologia, Minas y Geofisica","Escuela de Geología, Minas y Geofísica"
126,23-Jun-2011,Diseño y Simulación de Plantas de Tratamiento de Aguas Bajo Ambiente Windows,"Sánchez U., Fernando",1.64 MB,http://saber.ucv.ve/handle/10872/234,http://saber.ucv.ve/bitstream/10872/234/1/TEG%20-%20Fernando%20S%c3%a1nchez.pdf,thesis_pdf/126.pdf,False,No school,None
164,30-Sep-2011,"Cuidados de enfermería a usuarios hospitalizados de la Unidad Clínica de Cirugía en la fase preoperatoria del Hospital Uyapar de Puerto Ordaz, estado Bolívar, primer semestre 2005","Doris, Walter",158.01 kB,http://saber.ucv.ve/handle/10872/369,http://saber.ucv.ve/bitstream/10872/369/1/Tesis%20Dilcia%20y%20Doris.2.pdf,thesis_pdf/164.pdf,False,No school,None
141,23-Jun-2011,Evaluación de una alternativa tecnológica para un sistema de producción de cerdos bajo el enfoque de tratamiento y aprovechamiento de los efluentes generados,"Quintero G., Jenny G.; Velasco C., Nazareth de J.",5.15 MB,http://saber.ucv.ve/handle/10872/214,http://saber.ucv.ve/bitstream/10872/214/1/TESIS%20FUNDACI%c3%93N%20POLAR.pdf,thesis_pdf/141.pdf,False,Escuela de Ingenieria Quimica,Escuela de Ingeniería Química
99,20-Jun-2011,"Estudio de la influencia de las condiciones de preparación de catalizadores Pt-Cu/H-zeolita, Pt-Ru/Hzeolita, en la reacción de conversión de acetona","Hernández F., Adamarlys; Jiménez G., Harold",2.46 MB,http://saber.ucv.ve/handle/10872/160,http://saber.ucv.ve/bitstream/10872/160/1/TEG.pdf,thesis_pdf/99.pdf,False,Escuela de Ingenieria Quimica,Escuela de Ingeniería Química
69,7-Jun-2011,"Palinofacies y paleoambientes del mioceno temprano – medio en la zona de Tácata, Estado Anzoátegui","Cueto M., Nora",21.15 MB,http://saber.ucv.ve/handle/10872/116,http://saber.ucv.ve/bitstream/10872/116/1/TEG_NORA%20CUETO.PDF,thesis_pdf/69.pdf,False,"Escuela de Geologia, Minas y Geofisica","Escuela de Geología, Minas y Geofísica"
147,23-Jun-2011,Estudio de pozos inactivos del área Bachaquero Intercampos (parcelas agua 317 y agua 325),"Quijada G., Rafael A.; Vásquez C., Jorge L.",17.58 MB,http://saber.ucv.ve/handle/10872/212,http://saber.ucv.ve/bitstream/10872/212/1/Tesis%20Rafael%20Quijada.pdf,thesis_pdf/147.pdf,False,Escuela de Ingenieria de Petroleo,Escuela de Ingeniería de Petroleo
2,2010,La Economía del Ocio como una alternativa de economía normativa para contribuir al Desarrollo Sustentable,"Rivera, Elizabeth",2 MB,http://saber.ucv.ve/handle/10872/16245,http://saber.ucv.ve/bitstream/10872/16245/1/TG-EE%20-%20copia.pdf,thesis_pdf/2.pdf,False,Escuela de Economia,Escuela de Economía
79,15-Jun-2011,Elaboración de un modulo interactivo como proceso de enseñanza-aprendizaje de un curso de concreto armado,"Guevara, Hossmar; Hernández, Suilio",2.13 MB,http://saber.ucv.ve/handle/10872/140,http://saber.ucv.ve/bitstream/10872/140/1/TESIS.pdf,thesis_pdf/79.pdf,False,Escuela de Ingenieria Civil,Escuela de Ingeniería Civil
82,15-Jun-2011,Evaluación de la resistencia al desgaste abrasivo y erosivo de recubrimientos tipo cermet depositados por HVOF,"Galarraga G., Michael X.; González F., Fernando",2.27 MB,http://saber.ucv.ve/handle/10872/137,http://saber.ucv.ve/bitstream/10872/137/1/Texto.pdf,thesis_pdf/82.pdf,False,Escuela de Ingenieria Mecanica,Escuela de Ingeniería Mecanica
65,7-Jun-2011,Estudio de ajuste y aplicación de correlaciones para la inyección de nitrógeno,"Cuevas R., Rob A.",2.31 MB,http://saber.ucv.ve/handle/10872/115,http://saber.ucv.ve/bitstream/10872/115/1/TESIS.pdf,thesis_pdf/65.pdf,False,Escuela de Ingenieria de Petroleo,Escuela de Ingeniería de Petroleo
70,7-Jun-2011,Análisis geoestadístico y espectral de datos aeromagnéticos de la zona centro-occidental del Estado Amazonas.,"Erasmo M., Ángel A.",2.32 MB,http://saber.ucv.ve/handle/10872/121,http://saber.ucv.ve/bitstream/10872/121/1/Tesis.pdf,thesis_pdf/70.pdf,False,"Escuela de Geologia, Minas y Geofisica","Escuela de Geología, Minas y Geofísica"
54,3-Jun-2011,Desarrollo y prueba de una metodología para incrementar la producción en áreas bajo convenios operativos,"Castillo M., Carla E.",2.35 MB,http://saber.ucv.ve/handle/10872/105,http://saber.ucv.ve/bitstream/10872/105/1/Trabajo%20Especial%20de%20Grado.pdf,thesis_pdf/54.pdf,False,Escuela de Ingenieria de Petroleo,Escuela de Ingeniería de Petroleo
130,23-Jun-2011,Evaluación del producto FR-021M como agente de control del filtrado en fluidos de perforación base agua,"Rodríguez P., Franklig R.",2.36 MB,http://saber.ucv.ve/handle/10872/223,http://saber.ucv.ve/bitstream/10872/223/1/TesisF.pdf,thesis_pdf/130.pdf,False,No school,None
81,15-Jun-2011,Diseño de un sistema automatizado para la separación de minerales pesados,"González Z., Arístides J.; Navarro C., Wuill Y.",2.47 MB,http://saber.ucv.ve/handle/10872/138,http://saber.ucv.ve/bitstream/10872/138/1/trabajo_.pdf,thesis_pdf/81.pdf,False,No school,None
173,30-Sep-2011,"Intervención de enfermería en la prevención de úlceras por presión en el adulto mayor institucionalizado focalizado en la teoría de Jean Watson. Unidad geriátrica 'Dr. Marcos Serres Padilla' de Maturín, estado Monagas, segundo semestre del año 2005","Fernández, Oneida; Leonice, Marvelys; Salazar, Marvelia",24.34 MB,http://saber.ucv.ve/handle/10872/364,http://saber.ucv.ve/bitstream/10872/364/1/UCVTesisUPP-Final-Esther.pdf,thesis_pdf/173.pdf,False,ESCUELA DE ENFERMERIA,Escuela de Enfermería
55,3-Jun-2011,Evaluación de recubrimientos de babbitt depositados por arco-eléctrico utilizados en cojinetes de turbinas,"Burgos C., Héctor L.",2.51 MB,http://saber.ucv.ve/handle/10872/94,http://saber.ucv.ve/bitstream/10872/94/1/TRABAJO%20ESPECIAL.pdf,thesis_pdf/55.pdf,False,Escuela de Ingenieria Mecanica,Escuela de Ingeniería Mecanica
72,7-Jun-2011,Desarrollo de estructura de gel y su comportamiento al agregar aditivos inertes y no inertes en fluidos de perforación base agua,"Cruces C., Carlos C.",2.63 MB,http://saber.ucv.ve/handle/10872/113,http://saber.ucv.ve/bitstream/10872/113/1/TESIS%20CRUCES.pdf,thesis_pdf/72.pdf,False,Escuela de Ingenieria de Petroleo,Escuela de Ingeniería de Petroleo
132,23-Jun-2011,Pruebas de hinchamiento lineal utilizando el aditivo Z–TROL 100 como inhibidor de arcillas en fluidos de perforación,"Rausseo U., Carlos M.",2.65 MB,http://saber.ucv.ve/handle/10872/217,http://saber.ucv.ve/bitstream/10872/217/1/trabajo%20final.pdf,thesis_pdf/132.pdf,False,No school,None
32,1-Jun-2011,Caracterización de medios porosos utilizando fenómenos de flujo,"Azuaje A., Andrés E.; Guevara Q., Jesús M.",2.66 MB,http://saber.ucv.ve/handle/10872/69,http://saber.ucv.ve/bitstream/10872/69/1/Tesis%20II.pdf,thesis_pdf/32.pdf,False,Escuela de Ingenieria Quimica,Escuela de Ingeniería Química
14,31-May-2011,Caracterización de revoques formados utilizando intecarb (grados 10-15 y 30-35) con adición de finos y gruesos,"Fernández P., Odilo J.; Núñez B., Alvaro O.",2.71 MB,http://saber.ucv.ve/handle/10872/39,http://saber.ucv.ve/bitstream/10872/39/1/TRABAJO%20ESPECIAL%20DE%20GRADO%20II%20final.pdf,thesis_pdf/14.pdf,False,Escuela de Ingenieria Quimica,Escuela de Ingeniería Química
119,22-Jun-2011,Evaluación del modelo de mezcla y predicción de calidades de gasolinas formuladas en la Refinería Amuay,"Lobo P., Raúl A.",2.77 MB,http://saber.ucv.ve/handle/10872/187,http://saber.ucv.ve/bitstream/10872/187/1/TRABAJO%20ESPECIAL%20DE%20GRADO.pdf,thesis_pdf/119.pdf,False,Escuela de Ingenieria Quimica,Escuela de Ingeniería Química
74,7-Jun-2011,Micro-abrasion de nitruro de titanio (TiN) depositado por el método de plasma,"Castro T., Angela C.",2.89 MB,http://saber.ucv.ve/handle/10872/109,http://saber.ucv.ve/bitstream/10872/109/1/Tesis%20Angela%20Castro.pdf,thesis_pdf/74.pdf,False,Escuela de Ingenieria Mecanica,Escuela de Ingeniería Mecanica
18,31-May-2011,Caracterización de revoques formados utilizando mezclas monomodales amplias,"Silva C., Silvia M.",2.98 MB,http://saber.ucv.ve/handle/10872/47,http://saber.ucv.ve/bitstream/10872/47/1/Caracterizaci%c3%b3n%20de%20revoques.pdf,thesis_pdf/18.pdf,False,Escuela de Ingenieria Quimica,Escuela de Ingeniería Química
163,30-Sep-2011,Cambios clínicos de los pacientes que reciben tratamiento con esteroides inhalados. Emergencia del hospital pediátrico Dr. Elías Toro. 1er trimestre 2005,"Contreras, Rudhit; Valecillo, Nelba",201.65 kB,http://saber.ucv.ve/handle/10872/328,http://saber.ucv.ve/bitstream/10872/328/1/CAMBIOS%2520CLINICOS%2520DE%2520LOS%2520PACIENTES%2520QUE%2520RECIBEN%2520TRATAMIENTO%2520CON%2520ESTEROIDES%2520INHA.pdf,thesis_pdf/163.pdf,False,No school,None
142,23-Jun-2011,"Evolución diagenética del miembro informal “B-6-X” de la formación Misoa en el ÁREA DE Cabimas-Punta Benitez, Cuenca de Maracaibo. Estado Zulia.","Rojas U., María A.",23.71 MB,http://saber.ucv.ve/handle/10872/226,http://saber.ucv.ve/bitstream/10872/226/1/Evolucion%20diagenetica%20de%20B6%20de%20la%20Formacion%20Misoa%20Estado%20Zul.pdf,thesis_pdf/142.pdf,False,"Escuela de Geologia, Minas y Geofisica","Escuela de Geología, Minas y Geofísica"
92,20-Jun-2011,"Integración del yacimiento C-2 VLE-326 455 dentro del modelo geológico del Bloque V Lamar, cuenca del Lago de Maracaibo, Edo. Zulia","Linares V., Richard J.",25.22 MB,http://saber.ucv.ve/handle/10872/175,http://saber.ucv.ve/bitstream/10872/175/1/Tesis%20Richard%20Linares.PDF,thesis_pdf/92.pdf,False,"ESCUELA DE GEOLOGIA, MINAS Y GEOFISICA","Escuela de Geología, Minas y Geofísica"
90,15-Jun-2011,"Interpretación de pruebas de presión dinámica en pozos horizontales. Caso histórico: yacimientos de crudo extrapesado de las arenas D1 y D2, de la formación oficina, ubicados en el bloque Zuata de la faja petrolífera del Orinoco","Farías B., Gerardo J.; Rivero C., María E.",16.78 MB,http://saber.ucv.ve/handle/10872/128,http://saber.ucv.ve/bitstream/10872/128/1/Tesis.pdf,thesis_pdf/90.pdf,False,No school,None
46,3-Jun-2011,Desarrollo y prueba de una metodología de simulación basada en algoritmos genéticos,"Calderón M., Imanaida",3.07 MB,http://saber.ucv.ve/handle/10872/97,http://saber.ucv.ve/bitstream/10872/97/1/TESIS.pdf,thesis_pdf/46.pdf,False,No school,None
125,23-Jun-2011,Estudio de las alternativas para la disminución del contenido de fósforo en los efluentes industriales de la Cervecería Polar los Cortijos,"Santana C., Luis F.",3.11 MB,http://saber.ucv.ve/handle/10872/235,http://saber.ucv.ve/bitstream/10872/235/1/Luis%20Santana%28Tesis%20de%20Grado%29.pdf,thesis_pdf/125.pdf,False,Escuela de Ingenieria Quimica,Escuela de Ingeniería Química
102,20-Jun-2011,Análisis técnico económico de los sistemas de protección catódica en fondos externos de tanques de almacenamiento con ánodos de titanio,"Guilarte S., Eric A.",274.21 kB,http://saber.ucv.ve/handle/10872/155,http://saber.ucv.ve/bitstream/10872/155/1/TESIS.PDF,thesis_pdf/102.pdf,False,No school,None
180,30-Sep-2011,"Modelo de participación comunitaria del comité de salud en el consultorio popular de la Misión Barrio Adentro I, N° 7 'Ingrid Pérez', Bloque 50-51, El Mirador, Parroquia 23 de Enero. Caracas, 2005","Carrillo C., Nancy; Márquez S., Migdalia",280.68 kB,http://saber.ucv.ve/handle/10872/325,http://saber.ucv.ve/bitstream/10872/325/1/MODELO%20DE%20PARTICIPACION%20COMUNITARIA%20DEL%20COMITE%20DE%20SALUD%20EN%20EL%20CONSULTORIO%20POPULAR%20DE%20LA%20MISION%20B2.pdf,thesis_pdf/180.pdf,False,ESCUELA DE ENFERMERIA,Escuela de Enfermería
150,29-Jun-2011,Determinación de la productividad máxima en pozos horizontales en función de la longitud o sección horizontal.,"Gamboa, Alba; González, Tirso",3 MB,http://saber.ucv.ve/handle/10872/310,http://saber.ucv.ve/bitstream/10872/310/1/Tesis.pdf,thesis_pdf/150.pdf,False,No school,None
51,3-Jun-2011,Análisis del comportamiento de mezclas de PP con SBS irradiados con cobalto 60,"Belgoderi V., Luis A.",3.01 MB,http://saber.ucv.ve/handle/10872/89,http://saber.ucv.ve/bitstream/10872/89/1/Tesis%20%28Tomo%20Final%29.pdf,thesis_pdf/51.pdf,False,Escuela de Quimica,Escuela de Química
4,27-May-2011,"Diseño de estrategias para optimizar la calidad de los servicios de la Biblioteca Marcel Roche del Instituto Venezolano de Investigaciones Científicas (IVIC), 2006.","Echezuria Perozo, Jorge E.; Rondon, María C.; Gutierrez Luna, Melany",3.02 MB,http://saber.ucv.ve/handle/10872/28,http://saber.ucv.ve/bitstream/10872/28/1/TL-EBA_jun2006_E2.pdf,thesis_pdf/4.pdf,False,ESCUELA DE BIBLIOTECOLOGIA Y ARCHIVOLOGIA,Escuela de Bibliotecología y Archivología
6,27-May-2011,"Evaluación geofísica integral de los conos aluviales en Macuto, Caraballeda y Tanaguarenas","Cragno, Analia V.; Romero, Marcos A.",3.02 MB,http://saber.ucv.ve/handle/10872/31,http://saber.ucv.ve/bitstream/10872/31/1/Evaluaci%c3%b3n%20Geof%c3%adsica%20Integral_noPW.pdf,thesis_pdf/6.pdf,False,"Escuela de Geologia, Minas y Geofisica","Escuela de Geología, Minas y Geofísica"
27,31-May-2011,Comportamiento a la fatiga y fatiga-corrosión del acero sae 4140 recubierto por termo-rociado,"Da Silva D., Jose A.; Nunes M., Jose D.",3.04 MB,http://saber.ucv.ve/handle/10872/48,http://saber.ucv.ve/bitstream/10872/48/1/TESIS.pdf,thesis_pdf/27.pdf,False,Escuela de Ingenieria Mecanica,Escuela de Ingeniería Mecanica
85,15-Jun-2011,Diseño y construcción de un sistema automático de desplazamiento longitudinal y rotacional para el termo-rociado de cojinetes de Babbitt,"Finco, Arturo; Núñez, Iván",3.06 MB,http://saber.ucv.ve/handle/10872/133,http://saber.ucv.ve/bitstream/10872/133/1/Trabajo%20Especial%20de%20Grado.pdf,thesis_pdf/85.pdf,False,Escuela de Ingenieria Mecanica,Escuela de Ingeniería Mecanica
145,23-Jun-2011,Estudio y caracterización de un acero inoxidable duplex SAF 2205 soldado por arco de plasma a través de la técnica “ojo de cerradura”,"Quintero P., Miguel A.",3.14 MB,http://saber.ucv.ve/handle/10872/213,http://saber.ucv.ve/bitstream/10872/213/1/aceros%20inoxidables%20duplex.pdf,thesis_pdf/145.pdf,False,No school,None
44,3-Jun-2011,Una metodología para el diseño de una familia coherente de criterios para la selección de los sistemas de levantamiento artificial,"Carrillo L., Jesús A.",3.48 MB,http://saber.ucv.ve/handle/10872/102,http://saber.ucv.ve/bitstream/10872/102/1/Tesis%20JACL.PDF,thesis_pdf/44.pdf,False,Escuela de Ingenieria de Petroleo,Escuela de Ingeniería de Petroleo
40,1-Jun-2011,“Una metodología para la evaluación integral de las luminarias de la Ciudad Universitaria de Caracas”,"Badin C., Atias O.; Vieira M., Alexis M.",17.49 MB,http://saber.ucv.ve/handle/10872/70,http://saber.ucv.ve/bitstream/10872/70/1/Una%20Metodologia%20para%20la%20evaluacion%20integral%20de%20luminarias.pdf,thesis_pdf/40.pdf,False,No school,None
144,23-Jun-2011,Diseño de un grupo eólico para bombeo de agua,"Ruiz O., Leonardo J.; Veliz A., Elvis R.",3.15 MB,http://saber.ucv.ve/handle/10872/231,http://saber.ucv.ve/bitstream/10872/231/1/Dise%c3%b1o%20grupo%20eolico%20para%20bombeo%20de%20agua.pdf,thesis_pdf/144.pdf,False,Escuela de Ingenieria Mecanica,Escuela de Ingeniería Mecanica
200,30-Sep-2011,"Opinión de las madres sobre las prácticas de las enfermeras/os en la prevención de infecciones de los neonatos pretermino.  Área de neonatología Hospital (ii) Simón Bolívar, los Valles del Tuy, Estado Miranda, segundo semestre, 2005.","Duques, Carmen; Duques, Miriam; Romero, Alida",3.15 MB,http://saber.ucv.ve/handle/10872/330,http://saber.ucv.ve/bitstream/10872/330/1/Microsoft%20Word%20-%20TEG_DuquesC_DuquesM_RomeroA.doc.pdf,thesis_pdf/200.pdf,False,ESCUELA DE ENFERMERIA,Escuela de Enfermería
118,22-Jun-2011,Respuesta al conformado en caliente bajo condiciones de velocidad de deformación variable de un acero ARMCO,"Lugo Ch., Nayar A.",3.23 MB,http://saber.ucv.ve/handle/10872/188,http://saber.ucv.ve/bitstream/10872/188/1/Tesis-Nayar%20Lugo.pdf,thesis_pdf/118.pdf,False,No school,None
12,31-May-2011,Influencia del recocido y temple sobre la dureza de un deposito de recargue duro del tipo EFe5-B,"Suárez B., Efren J.",3.36 MB,http://saber.ucv.ve/handle/10872/51,http://saber.ucv.ve/bitstream/10872/51/1/tesis%20efren%20suarez.pdf,thesis_pdf/12.pdf,False,No school,None
103,22-Jun-2011,"Indicadores de sustentabilidad en la toma de decisiones para creación de distritos MINEROS, aplicados a minería metálica: Au y Fe, en el estado Bolívar.","Piña D., Aurora B.",3.4 MB,http://saber.ucv.ve/handle/10872/205,http://saber.ucv.ve/bitstream/10872/205/1/TEG%20Aurora%20Pi%c3%b1a%20maxima%20seguridad.pdf,thesis_pdf/103.pdf,False,"Escuela de Geologia, Minas y Geofisica","Escuela de Geología, Minas y Geofísica"
137,23-Jun-2011,"Evaluación estadística de las actividades no productivas y sus tiempos asociados en las operaciones de perforación en las áreas San Tomé, Punta de Mata, Anaco y Maturín","Rivas J., Jormi M.",3.4 MB,http://saber.ucv.ve/handle/10872/221,http://saber.ucv.ve/bitstream/10872/221/1/Tesis%20Final.pdf,thesis_pdf/137.pdf,False,No school,None
31,1-Jun-2011,Determinación de propiedades petrofísicas y petrofacies aplicando tecnología de resonancia magnética nuclear a muestras de núcleo de las formaciones gasíferas San Juan y San Antonio del Campo Santa Rosa,"Ávila S., Daniel E.",3.42 MB,http://saber.ucv.ve/handle/10872/68,http://saber.ucv.ve/bitstream/10872/68/1/Trabajo%20Especial%20de%20Grado%20-%20Daniel%20%c3%81vila.pdf,thesis_pdf/31.pdf,False,Escuela de Ingenieria de Petroleo,Escuela de Ingeniería de Petroleo
89,15-Jun-2011,Selección de un agente desemulsificante para la deshidratación del crudo proveniente de la unidad colón del municipio Jesús María Semprúm del Estado Zulia.,"Fernández A., Orángel J.",3.44 MB,http://saber.ucv.ve/handle/10872/130,http://saber.ucv.ve/bitstream/10872/130/1/TESIS.pdf,thesis_pdf/89.pdf,False,Escuela de Ingenieria de Petroleo,Escuela de Ingeniería de Petroleo
139,23-Jun-2011,"Estudio del comportamiento de las estructuras de gel y punto cedente, en presencia de contaminantes inertes y no inertes en fluidos de perforación base aceite","Rodríguez-Acosta, Alexis",3.53 MB,http://saber.ucv.ve/handle/10872/222,http://saber.ucv.ve/bitstream/10872/222/1/Tesis%20Final.pdf,thesis_pdf/139.pdf,False,No school,None
42,3-Jun-2011,"Análisis del comportamiento de equipos utilizados en el sistema de levantamiento artificial bombeo de cavidades progresivas (BCP), en los Campos Bare y Arecuna de la unidad de extrapesado PDVSA – San Tomé.","Carrillo C., Andreína I.; González I., Carla J.",3.57 MB,http://saber.ucv.ve/handle/10872/103,http://saber.ucv.ve/bitstream/10872/103/1/TRABAJO%20DE%20ESPECIAL%20DE%20GRADO%20%28BCP%29.pdf,thesis_pdf/42.pdf,False,Escuela de Ingenieria de Petroleo,Escuela de Ingeniería de Petroleo
131,23-Jun-2011,Estudio de los efectos del revoque en la transmisión de fluidos a través de empaques de grava,"Carvajal M., Arturo; Rossetti R., Claudio E.",3.58 MB,http://saber.ucv.ve/handle/10872/228,http://saber.ucv.ve/bitstream/10872/228/1/Trabajo%20Final.pdf,thesis_pdf/131.pdf,False,No school,None
183,30-Sep-2011,"Programa de prevención de parasitosis intestinal en niños menores de cinco años en la comunidad 'El Palomar'. Municipio Tucupita, estado Delta Amacuro. Segundo semestre 2005","Milano, Marisol; Moreno, Norelis",388.65 kB,http://saber.ucv.ve/handle/10872/370,http://saber.ucv.ve/bitstream/10872/370/1/Prevenci%c3%b3n%20de%20parasitosis%20intestinal.pdf,thesis_pdf/183.pdf,False,ESCUELA DE ENFERMERIA,Escuela de Enfermería
23,31-May-2011,Algoritmos de búsqueda no lineal para diseñar arreglos direccionales de geófonos,"Silva, Carolina del V.",3.6 MB,http://saber.ucv.ve/handle/10872/50,http://saber.ucv.ve/bitstream/10872/50/1/TESIS_CAROLINASILVA.PDF,thesis_pdf/23.pdf,False,No school,None
58,3-Jun-2011,Estado del arte en la determinación de espesores de secciones erosionadas por medio de registros de pozo,"Casal G., Bárbara",3.8 MB,http://saber.ucv.ve/handle/10872/104,http://saber.ucv.ve/bitstream/10872/104/1/Trabajo%20Especial%20de%20Grado.pdf,thesis_pdf/58.pdf,False,"Escuela de Geologia, Minas y Geofisica","Escuela de Geología, Minas y Geofísica"
169,30-Sep-2011,"Programa para prevenir la insuficiencia renal crónica terminal en pacientes diabéticos que acuden a la consulta de Endocrinología del Hospital Manuel Núñez Tovar, Maturín, estado Monagas, año 2005","Bastardo, Onelvys; Gil, Gisela; Rodríguez, Mary",305.67 kB,http://saber.ucv.ve/handle/10872/353,http://saber.ucv.ve/bitstream/10872/353/1/HOSPITAL%20U.C.V.pdf,thesis_pdf/169.pdf,False,ESCUELA DE ENFERMERIA,Escuela de Enfermería
179,30-Sep-2011,"Necesidad de capacitación del personal ciudador, sobre la atención del anciano institucionalizado en el Hogar 'San José de la Montaña', Maracaibo - Edo. Zulia","Arias, Layra",334.74 kB,http://saber.ucv.ve/handle/10872/352,http://saber.ucv.ve/bitstream/10872/352/1/NECESIDAD%20DE%20CAPACITACION%20DEL%20PERSONAL%20CUIDADOR%2c%20SOBRE%20LA%20ATENCION%20DEL%20ANCIANO%20INSTITUCIONALIZADO.pdf,thesis_pdf/179.pdf,False,ESCUELA DE ENFERMERIA,Escuela de Enfermería
177,30-Sep-2011,Información que posee el personal de Enfermería sobre el cuidado de la traqueostomía en usuarios hospitalizados en el Servicio de Neurocirugía del Hospital Militar “Dr. Carlos Arvelo” 2do trimestre 2005,"Caraballo, Angui; Isturriaga, Yery",337.14 kB,http://saber.ucv.ve/handle/10872/359,http://saber.ucv.ve/bitstream/10872/359/1/Informacion%20que%20posee%20el%20personal%20de%20enfermeria%20en%20el%20cuidado%20de%20la%20traqueostomia%20en%20usuarios%20hospitalizados%20en%20el%20servicio.pdf,thesis_pdf/177.pdf,False,ESCUELA DE ENFERMERIA,Escuela de Enfermería
191,30-Sep-2011,"Manejo de desechos sólidos por parte de los habitantes de la comunidad 'El Samán de Urama', estado Carabobo","Blanco, América; Carrillo, Vilmania; Hernandez, Rosa",343.57 kB,http://saber.ucv.ve/handle/10872/320,http://saber.ucv.ve/bitstream/10872/320/1/tesis.pdf,thesis_pdf/191.pdf,False,ESCUELA DE ENFERMERIA,Escuela de Enfermería
168,30-Sep-2011,"Instrumentos de observación para medir los efectos fisiológicos de la musicoterapia en adolescentes primigestas durante trabajo de parto y parto, Maternidad Concepción Palacios, primer trimestre de 2006","ALCALA, DINORATH; ARTEAGA, ELIBETH",361.14 kB,http://saber.ucv.ve/handle/10872/349,http://saber.ucv.ve/bitstream/10872/349/1/TESIS%20.pdf,thesis_pdf/168.pdf,False,ESCUELA DE ENFERMERIA,Escuela de Enfermería
140,23-Jun-2011,Diseño y construcción de un sistema de compactación de desechos provenientes de locales de comida rápida,"Ruiz T., Marelys J.
Torres, José R.",368.73 kB,http://saber.ucv.ve/handle/10872/230,http://saber.ucv.ve/bitstream/10872/230/1/TRABAJO%20ESPECIAL%20DE%20GRADO.pdf,thesis_pdf/140.pdf,False,Escuela de Ingenieria Mecanica,Escuela de Ingeniería Mecanica
170,30-Sep-2011,"Factores socioeconómicos asociados a la desnutrición de los niños en edad comprendida entre 0-2 años del Barrio La Constituyente de Maturín, estado Monagas en el 2do trimestre del año 2005","González, Mercedes; Sotillet, Luisa",369.98 kB,http://saber.ucv.ve/handle/10872/338,http://saber.ucv.ve/bitstream/10872/338/1/tesis%20de%20enfermeria%20correciones1.pdf,thesis_pdf/170.pdf,False,ESCUELA DE ENFERMERIA,Escuela de Enfermería
67,7-Jun-2011,Transformación de acetona sobre catalizadores del tipo Pt/H-[Ga]ZSM5 Y Pd/H-[Ga]ZSM5,"Díaz B., Yraida G.",4.43 MB,http://saber.ucv.ve/handle/10872/119,http://saber.ucv.ve/bitstream/10872/119/1/Trabajo%20Especial%20de%20Grado.pdf,thesis_pdf/67.pdf,False,Escuela de Ingenieria Quimica,Escuela de Ingeniería Química
192,30-Sep-2011,Antecedentes del estrés en el personal de enfermería de la unidad de cuidados intensivos del hospital Adolfo Pons de Maracaibo para el 2do. trimestre del año 2005 .,"LAURA, FLORES",598.2 kB,http://saber.ucv.ve/handle/10872/335,http://saber.ucv.ve/bitstream/10872/335/1/ANTECEDENTES%20DEL%20ESTR%c3%89S%20EN%20EL%20PERSONAL%20DE%20%20ENFERMER%c3%8dA%20%20DE%20LA%20UNIDAD%20DE%20CUIDADOS%20INTENSIVOS%20DEL%20HO.pdf,thesis_pdf/192.pdf,False,escuela de enfermeria,Escuela de Enfermería
175,30-Sep-2011,"Propuesta de un programa educativo sobre la prevención de riesgos laborales dirigido a los profesionales de enfermería del área de sala de parto del Hospital Universitario “Dr. Ángel Larralde” Municipio Naguanagua, Valencia – Edo. Carabobo, año 2.006.","Gómez, Mary; Hornostaj, Johana",392.75 kB,http://saber.ucv.ve/handle/10872/366,http://saber.ucv.ve/bitstream/10872/366/1/tesis%20prevenci%c3%b3n%20de%20riesgos%20laborales.PDF,thesis_pdf/175.pdf,False,ESCUELA DE ENFERMERIA,Escuela de Enfermería
117,22-Jun-2011,"Interpretación estratigráfica del área Socororo oeste del convenio Socororo, operado por PETROUCV, Edo. Anzoátegui.","Morales M., Erica",4.06 MB,http://saber.ucv.ve/handle/10872/197,http://saber.ucv.ve/bitstream/10872/197/1/TESIS%20ERICA%20MORALES.pdf,thesis_pdf/117.pdf,False,"Escuela de Geologia, Minas y Geofisica","Escuela de Geología, Minas y Geofísica"
104,22-Jun-2011,"Estudio sedimentológico de la cuenca de Taguanes, Tinaquillo estado Cojedes","Padrón, Carlos A.",4.13 MB,http://saber.ucv.ve/handle/10872/200,http://saber.ucv.ve/bitstream/10872/200/1/TRABAJO%20ESPECIAL%20DE%20GRADO.pdf,thesis_pdf/104.pdf,False,"Escuela de Geologia, Minas y Geofisica","Escuela de Geología, Minas y Geofísica"
97,20-Jun-2011,Transformación de N-Pentano sobre catalizadores Pt SAPO-11,"Hernández P., Liliana",4.18 MB,http://saber.ucv.ve/handle/10872/163,http://saber.ucv.ve/bitstream/10872/163/1/Trabajo%20Especial%20de%20Grado.pdf,thesis_pdf/97.pdf,False,Escuela de Ingenieria Quimica,Escuela de Ingeniería Química
34,1-Jun-2011,"Identificación de planes de explotación para el yacimiento C7 del área vla-31, flanco oeste, Campo Lagomar, Estado Zulia","Alvarez R., Argenis J.",4.24 MB,http://saber.ucv.ve/handle/10872/62,http://saber.ucv.ve/bitstream/10872/62/1/IDENTIFICACI%c3%93N%20DE%20PLANES%20DE%20EXPLOTACI%c3%93N%20PARA%20EL%20YACIMIENTO%20C7.pdf,thesis_pdf/34.pdf,False,Escuela de Ingenieria de Petroleo,Escuela de Ingeniería de Petroleo
114,22-Jun-2011,Estudio riguroso del sistema de distribución de gas metano ramal Guarenas – Guatire de PDVSA–GAS.,"Orellana O., Irma T.",4.26 MB,http://saber.ucv.ve/handle/10872/199,http://saber.ucv.ve/bitstream/10872/199/1/Irma%20Orellana%28Tesis%20de%20Grado%29.pdf,thesis_pdf/114.pdf,False,Escuela de Ingenieria Quimica,Escuela de Ingeniería Química
96,20-Jun-2011,Diseño y construcción de una desplumadora para el sector avícola,"Höhn, Ricardo; Moros, Daniel",4.32 MB,http://saber.ucv.ve/handle/10872/165,http://saber.ucv.ve/bitstream/10872/165/1/Tesis.pdf,thesis_pdf/96.pdf,False,Escuela de Ingenieria Mecanica,Escuela de Ingeniería Mecanica
16,31-May-2011,Soldadura del acero api 5l-X52 mediante el proceso flux cored arc welding (fcaw) con transferencia pulsada,"González G., Juan C.; Soriano R., Gregory G.",4.36 MB,http://saber.ucv.ve/handle/10872/40,http://saber.ucv.ve/bitstream/10872/40/1/TRABAJO%20DE%20GRADO_noPW.pdf,thesis_pdf/16.pdf,False,No school,None
26,31-May-2011,"""Comparación de metodologías para la determinación de aldehídos en el aire ambiental. Montaje de una estación experimental.”","Fernández P., Solysbeht.; Rivas T., Nahir J.",4.43 MB,http://saber.ucv.ve/handle/10872/38,http://saber.ucv.ve/bitstream/10872/38/1/TESIS.pdf,thesis_pdf/26.pdf,False,Escuela de Ingenieria Quimica,Escuela de Ingeniería Química
165,30-Sep-2011,"Propuesta de un programa educativo de prevención de presión arterial elevada en adolescente de 13 a 18 años atendidos en la Unidad de Cardiología en el Hospital ""Dr. Ernesto Guzmán Saavedra"". Caicara de Maturín estado Monagas, primer semestre 2006.","Bolívar, Olga; Rengel, Hivelisse",385.83 kB,http://saber.ucv.ve/handle/10872/356,http://saber.ucv.ve/bitstream/10872/356/1/Universidad%20Central.pdf,thesis_pdf/165.pdf,False,Escuela de Enfermeria,Escuela de Enfermería
25,31-May-2011,"Formación de revoques sobre discos porosos utilizando intecarb 20-25, 40-45 con adición de finos y gruesos","Salazar C., Yoraima I.; Valero S., Ada Y.",4.46 MB,http://saber.ucv.ve/handle/10872/43,http://saber.ucv.ve/bitstream/10872/43/1/FORMACI%c3%93N%20DE%20REVOQUES%20SOBRE%20DISCOS%20POROSOS%28Salazar%20-%20Valero%29.pdf,thesis_pdf/25.pdf,False,No school,None
49,3-Jun-2011,Resistencia al desgaste y a la corrosión de un recubrimiento de nitruro de titanio obtenido por la técnica de deposición física en estado de vapor.,"Braganti D., Lebjulet",7.85 MB,http://saber.ucv.ve/handle/10872/91,http://saber.ucv.ve/bitstream/10872/91/1/TRABAJO%20ESPECIAL%20DE%20GRADO.pdf,thesis_pdf/49.pdf,False,No school,None
115,22-Jun-2011,"Estudio para el mejoramiento de productividad de los pozos del área mayor de Socororo, mediante la aplicación de métodos de levantamiento artificial","Marques S., David A.; Rondón A., María A.",5.25 MB,http://saber.ucv.ve/handle/10872/190,http://saber.ucv.ve/bitstream/10872/190/1/Texto%20completo.pdf,thesis_pdf/115.pdf,False,Escuela de Ingenieria de Petroleo,Escuela de Ingeniería de Petroleo
53,3-Jun-2011,Síntesis y caracterización de catalizadores metálicos con diferentes soportes para las reacciones de hidrogenación de aromáticos,"Cano C., Kallinka; Teixeira Mendonca, María L.",4.8 MB,http://saber.ucv.ve/handle/10872/100,http://saber.ucv.ve/bitstream/10872/100/1/Trabajo%20de%20Grado.pdf,thesis_pdf/53.pdf,False,Escuela de Ingenieria Quimica,Escuela de Ingeniería Química
91,15-Jun-2011,Mejoramiento del proceso de construcción de pozos mediante el método de controles estadísticos de procesos,"Expósito R., Juan L.; Novoa D., Joel A.",4.83 MB,http://saber.ucv.ve/handle/10872/127,http://saber.ucv.ve/bitstream/10872/127/1/TESIS%20FINAL.pdf,thesis_pdf/91.pdf,False,Escuela de Ingenieria de Petroleo,Escuela de Ingeniería de Petroleo
127,23-Jun-2011,Estudio del mantenimiento de los equipos críticos de un sistema de deshidratación de gas natural (basado en MCC),"Rodríguez L., Miguel A.",4.85 MB,http://saber.ucv.ve/handle/10872/224,http://saber.ucv.ve/bitstream/10872/224/1/Tesis.PDF,thesis_pdf/127.pdf,False,Escuela de Ingenieria Mecanica,Escuela de Ingeniería Mecanica
108,22-Jun-2011,Estudio y diseño de esquemas de completación para los pozos a ser perforados en el área mayor de Socororo,"Peñaranda C., Juan M.; Trejo I., Ely D.",4.87 MB,http://saber.ucv.ve/handle/10872/203,http://saber.ucv.ve/bitstream/10872/203/1/TESIS%20TREJO-PE%c3%91ARANDA.pdf,thesis_pdf/108.pdf,False,Escuela de Ingenieria de Petroleo,Escuela de Ingeniería de Petroleo
181,30-Sep-2011,"Propuesta  de un programa educativo para la preparación física  de la embarazada de alto riesgo obstétrico antes de la monitorización electrónica fetal. Unidad de Perinatología, Hospital 'Enrique Tejera', Valencia, Edo. Carabobo, primer semestre 2006","Amanaú, Aura; Cabarca, Yomaira; Ramírez, Justina",421.94 kB,http://saber.ucv.ve/handle/10872/351,http://saber.ucv.ve/bitstream/10872/351/1/Propuesta%20de%20un%20programa%20educativo%20para%20la%20preparaci%c3%b3n%20f%c3%adsica%20de%20la%20embarazada%20de%20alto%20riesgo%20obs.pdf,thesis_pdf/181.pdf,False,ESCUELA DE ENFERMERIA,Escuela de Enfermería
184,30-Sep-2011,"Intervención de la enfermera(o) en la prevención de infecciones hospitalarias en recién nacidos atendidos en la Unidad de Neonatología del Hospital 'Dr. José Francisco Molina Sierra', Puerto Cabello, durante el primer semestre del año 2005","GRANADOS, Trinidad; GARCÍA, Irilis; PACHECO, Aracelys",434.68 kB,http://saber.ucv.ve/handle/10872/342,http://saber.ucv.ve/bitstream/10872/342/1/PACHECOTES.pdf,thesis_pdf/184.pdf,False,Escuela de Enfermeria,Escuela de Enfermería
193,30-Sep-2011,Valoración de enfermería en los factores predisponentes de las diarreas agudas en niños y niñas menores de 3 años que ingresan en la unidad de emergencia pediátrica del Hospital “Dr. Adolfo Prince Lara” Puerto Cabello-Estado Carabobo 2005,"Tovar, Ana T.; Martínez, Mila; Ríos, Nancy",454.61 kB,http://saber.ucv.ve/handle/10872/347,http://saber.ucv.ve/bitstream/10872/347/1/Microsoft%20Word%20-%20TESIS%20MILA.pdf,thesis_pdf/193.pdf,False,ESCUELA DE ENFERMERIA,Escuela de Enfermería
178,30-Sep-2011,"Propuesta de un sistema algorítmico en la prevención y tratamiento de úlceras por presión en pacientes hospitalizados en la Unidad Clínica de Medicina del Hospital 'Santos Aníbal Dominicci', Carúpano 2005","Muñoz, Isbelia",460.22 kB,http://saber.ucv.ve/handle/10872/345,http://saber.ucv.ve/bitstream/10872/345/1/TESIS%20ISBELIA.pdf,thesis_pdf/178.pdf,False,ESCUELA DE ENFERMERIA,Escuela de Enfermería
198,30-Sep-2011,Calidad del cuidado brindado por el profesional de enfermería a pacientes con infarto de miocardio que ingresan a la unidad de emergencia del Hospital Militar “Cnel Elbano Paredes Vivas” de Maracay Estado Aragua,"Casaña, Yurima; Florido, Lisbeth; Nieves, Rosa",481.18 kB,http://saber.ucv.ve/handle/10872/326,http://saber.ucv.ve/bitstream/10872/326/1/tesis%20de%20maracay.pdf,thesis_pdf/198.pdf,False,ESCUELA DE ENFERMERIA,Escuela de Enfermería
122,23-Jun-2011,Modelaje geofísico integrado de la región central de Venezuela por medio del análisis de flexión de placas en la sección 66º00’00’’W,"Reyes, Janckarlos",4.6 MB,http://saber.ucv.ve/handle/10872/219,http://saber.ucv.ve/bitstream/10872/219/1/TEG_Janckarlos%20K%20Reyes.pdf,thesis_pdf/122.pdf,False,"Escuela de Geologia, Minas y Geofisica","Escuela de Geología, Minas y Geofísica"
129,23-Jun-2011,Metodología para la determinación del tensor de permeabilidad en yacimientos naturalmente fracturados,"Reyes, Jesús A.",4.7 MB,http://saber.ucv.ve/handle/10872/218,http://saber.ucv.ve/bitstream/10872/218/1/TRABAJO%20ESPECIAL%20DE%20GRADO_JESUS%20REYES.pdf,thesis_pdf/129.pdf,False,Escuela de Ingenieria de Petroleo,Escuela de Ingeniería de Petroleo
41,3-Jun-2011,"Análisis y evaluación técnica de la implantación del software Drill & Blast de mincom a las operaciones de perforación y voladura de la mina Paso Diablo, Municipio Páez, Estado Zulia","Castillo S., Bladimir J.",5.83 MB,http://saber.ucv.ve/handle/10872/107,http://saber.ucv.ve/bitstream/10872/107/1/Trabajo%20Especial%20de%20Grado%20%28U%29.pdf,thesis_pdf/41.pdf,False,"Escuela de Geologia, Minas y Geofisica","Escuela de Geología, Minas y Geofísica"
5,27-May-2011,Desarrollo de un algoritmo computacional para determinar el efecto de la deposición de parafina sobre el gradiente de presión de flujo multifásico en tuberías,"D'Amico, Walter F.",506.32 kB,http://saber.ucv.ve/handle/10872/32,http://saber.ucv.ve/bitstream/10872/32/1/Tesis%20de%20Grado%20de%20Walter%20D%27Amico.PDF,thesis_pdf/5.pdf,False,Escuela de Ingenieria Mecanica,Escuela de Ingeniería Mecanica
194,30-Sep-2011,Programa de autocuidado dirigido a los pacientes con tuberculosis pulmonar que acuden al área de Neumología del Hospital Universitario Dr. “Manuel Núñez Tovar” de Maturín - Estado Monagas,"Chacón, Celia; Granado, María; Marcano, Yusnelys",539.76 kB,http://saber.ucv.ve/handle/10872/362,http://saber.ucv.ve/bitstream/10872/362/1/CAP%c3%8dTULO%20IV.%20Yuleidis.pdf,thesis_pdf/194.pdf,False,ESCUELA DE ENFERMERIA,Escuela de Enfermería
21,31-May-2011,Aplicabilidad de áridos reciclados para fabricación de hormigones,"Abreu L., René J.",552.32 kB,http://saber.ucv.ve/handle/10872/56,http://saber.ucv.ve/bitstream/10872/56/1/Trabajo%20Especial%20de%20Grado.pdf,thesis_pdf/21.pdf,False,No school,None
172,30-Sep-2011,Alteraciones músculo-esqueléticas en la enfermera(o) quirúrgica(o) en el Hospital Militar 'Dr. Carlos Arvelo' durante el primer semestre de 2006,"BRICEÑO, GRETHY; FAGUNDEZ, ERIKA; QUINTERO, DEICY",553.69 kB,http://saber.ucv.ve/handle/10872/357,http://saber.ucv.ve/bitstream/10872/357/1/TEG_Alteraciones_M%c3%basculoEsquel%c3%a9ticas.pdf,thesis_pdf/172.pdf,False,ESCUELA DE ENFERMERIA,Escuela de Enfermería
13,31-May-2011,Propuesta de un sistema de administración de inventarios de producto terminado y racionalización de inventarios en una empresa de consumo masivo.,"Sánchez M., José R.",562.96 kB,http://saber.ucv.ve/handle/10872/45,http://saber.ucv.ve/bitstream/10872/45/1/TRABAJO%20ESPECIAL%20DE%20GRADO.PDF,thesis_pdf/13.pdf,False,Escuela de Ingenieria Mecanica,Escuela de Ingeniería Mecanica
160,30-Sep-2011,"Condiciones de salubridad y cuidados humanos del adulto mayor institucionalizado en la Unidad Geriátrica “Doña Menca de Leoni”. Municipio Tucupita, Estado Delta Amacuro. Primer trimestre año 2.006","Bermúdez, Yvis; Valenzuela, Sergia; Vásquez, Emilia",571.6 kB,http://saber.ucv.ve/handle/10872/354,http://saber.ucv.ve/bitstream/10872/354/1/Tesis%20UCV%20Emilia%2c%20Sergia%2c%20Yvis.pdf,thesis_pdf/160.pdf,False,ESCUELA DE ENFERMERIA,Escuela de Enfermería
162,30-Sep-2011,Cuidados de enfermería en pacientes que reciben nutrición parenteral total hospitalizados en el Centro Policlínico Valencia Estado Carabobo,"Diaz, Eukari; Ochoa, Zenaida; Ollarves, Zulay",575.46 kB,http://saber.ucv.ve/handle/10872/329,http://saber.ucv.ve/bitstream/10872/329/1/tesis%20zulay%20mercedes.pdf,thesis_pdf/162.pdf,False,No school,None
196,30-Sep-2011,"Información que poseen las madres de los niños menores de 5 años, que se encuentran hospitalizados, sobre el asma bronquial, Área de Pediatría. Hospital Dr. Domingo Luciani, El Llanito, primer semestre, 2005","Farías, María; Ojeda, Yasenia; Salazar, Morayma",581.47 kB,http://saber.ucv.ve/handle/10872/333,http://saber.ucv.ve/bitstream/10872/333/1/Tesis%20asma%20bronquial.pdf,thesis_pdf/196.pdf,False,ESCUELA DE ENFERMERIA,Escuela de Enfermería
182,30-Sep-2011,"Atención de enfermería en pacientes con VIH-SIDA en la Unidad Clínica de Medicina del Hospital 'Dr. Raúl Leoni Otero', San Félix, estado Bolívar en el tercer trimestre del año 2005","Becker, Elis; Rosas, Alida; Zorrilla, Maritza",589.01 kB,http://saber.ucv.ve/handle/10872/324,http://saber.ucv.ve/bitstream/10872/324/1/TESIS%2520BECKER-ROSAS-ZORRILLA%5b1%5d.pdf,thesis_pdf/182.pdf,False,No school,None
10,31-May-2011,Modelado de lodos activados en estado estacionario,"Salazar A., Daniel E.",6.06 MB,http://saber.ucv.ve/handle/10872/44,http://saber.ucv.ve/bitstream/10872/44/1/Modelado%20de%20Lodos%20Activados%20en%20Estado%20Estacionario.pdf,thesis_pdf/10.pdf,False,Escuela de Ingenieria Quimica,Escuela de Ingeniería Química
171,30-Sep-2011,"Propuesta de un modelo de participación de enfermería con Barrio Adentro, comunidad Artigas, parroquia San Juan, Caracas, Segundo Semestre, 2005","Evans, Margarita; Mejías, Liliana; Ruíz, Inora",1.05 MB,http://saber.ucv.ve/handle/10872/332,http://saber.ucv.ve/bitstream/10872/332/1/PROPUESTA%20MODELO%20PARTICIPACI%c3%93N%20DE%20ENFERMER%c3%8dA%20PBA.pdf,thesis_pdf/171.pdf,False,ESCUELA DE ENFERMERIA,Escuela de Enfermería
24,31-May-2011,Consideraciones técnico-económicas en los recortes de producción OPEP,"Almeida M., Juan C.; Rodríguez M., Warrer F.",7.08 MB,http://saber.ucv.ve/handle/10872/60,http://saber.ucv.ve/bitstream/10872/60/1/TESIS.pdf,thesis_pdf/24.pdf,False,Escuela de Ingenieria de Petroleo,Escuela de Ingeniería de Petroleo
8,31-May-2011,Interpretación sísmica estructural 3D y uso de atributos sísmicos en el cretácico. Bloques IX y XIV del Lago de Maracaibo,"Zapata L., Iris C.",7.16 MB,http://saber.ucv.ve/handle/10872/54,http://saber.ucv.ve/bitstream/10872/54/3/T.E.G.%20Iris%20Zapata.pdf,thesis_pdf/8.pdf,False,"escuela de Geologia, Minas y Geofisica","Escuela de Geología, Minas y Geofísica"
61,7-Jun-2011,Metodología de evaluación de cambio de métodos de producción,"Corro T., Marcos A.",6.37 MB,http://saber.ucv.ve/handle/10872/112,http://saber.ucv.ve/bitstream/10872/112/1/CMLA.pdf,thesis_pdf/61.pdf,False,Escuela de Ingenieria de Petroleo,Escuela de Ingeniería de Petroleo
68,7-Jun-2011,Estudio de la resistencia al desgaste del acero AISI 4340 bajo condiciones de deslizamiento sin lubricación,"Cubillán T., Alfredo; Liccionis F., Oscar",6.54 MB,http://saber.ucv.ve/handle/10872/114,http://saber.ucv.ve/bitstream/10872/114/1/tesis%20completa.pdf,thesis_pdf/68.pdf,False,Escuela de Ingenieria Mecanica,Escuela de Ingeniería Mecanica
20,31-May-2011,Deshidrogenación oxidativa de n-pentano sobre catalizadores de vmgo soportados y vmgo promovidos con galio y antimonio,"Acevedo B., Adriana",6.64 MB,http://saber.ucv.ve/handle/10872/57,http://saber.ucv.ve/bitstream/10872/57/1/TEG%20-%20Adriana%20Acevedo.pdf,thesis_pdf/20.pdf,False,Escuela de Ingenieria Quimica,Escuela de Ingeniería Química
107,22-Jun-2011,"Estudio geológico y geotécnico de un área ubicada en la localidad de Carenero, Estado Miranda","Menéndez V., Daniel A.",6.65 MB,http://saber.ucv.ve/handle/10872/194,http://saber.ucv.ve/bitstream/10872/194/1/TEG_DM.pdf,thesis_pdf/107.pdf,False,"Escuela de Geologia, Minas y Geofisica","Escuela de Geología, Minas y Geofísica"
30,31-May-2011,Selección de los parámetros de pulso en la soldadura de aleaciones Al-si y Al-Mg con el proceso GMAW-P,"Grella Ch., Miguel A.",6.7 MB,http://saber.ucv.ve/handle/10872/41,http://saber.ucv.ve/bitstream/10872/41/1/TESIS-MAG_noPW.pdf,thesis_pdf/30.pdf,False,escuela de Ingenieria Mecanica,Escuela de Ingeniería Mecanica
1,2009,Estudio de sobretensiones por maniobra debido a energización de bancos de condensadores y transformadores en líneas de transmisión de 115kV,"De Gregorio S., Luis T.",6.77 MB,http://saber.ucv.ve/handle/10872/17712,http://saber.ucv.ve/bitstream/10872/17712/1/TESIS%20DE%20GRADO%20LUIS%20DE%20GREGORIO.pdf,thesis_pdf/1.pdf,False,Escuela de Ingenieria Electrica,Escuela de Ingeniería Eléctrica
136,23-Jun-2011,Modificación de las propiedades de polipropileno con caucho natural,"Romero P., Desireé R.",662.97 kB,http://saber.ucv.ve/handle/10872/227,http://saber.ucv.ve/bitstream/10872/227/1/Trabajo%20especial%20de%20grado.pdf,thesis_pdf/136.pdf,False,Escuela de Ingenieria Quimica,Escuela de Ingeniería Química
63,7-Jun-2011,Análisis comparativo de la resistencia al desgaste de piezas sinterizadas y piezas recubiertas por rociado térmico HVOF.,"DIAZ N., SIUL J.; FRANCO S., ADOLFO A.",696.45 kB,http://saber.ucv.ve/handle/10872/120,http://saber.ucv.ve/bitstream/10872/120/1/Tesis.pdf,thesis_pdf/63.pdf,False,ESCUELA DE INGENIERIA MECANICA,Escuela de Ingeniería Mecanica
9,31-May-2011,Diseño y construcción de un rotor de bomba centrífuga en el centro de mecanizado,"Silva P., Daniel J.",7.16 MB,http://saber.ucv.ve/handle/10872/49,http://saber.ucv.ve/bitstream/10872/49/1/DISE%c3%91O%20Y%20CONSTRUC-%20CI%c3%93N%20DE%20UN%20ROTOR%20DE%20BOMBA%20CENTR%c3%8dFUGA%20EN%20EL%20CENTRO%20DE%20MECANIZADO.pdf,thesis_pdf/9.pdf,False,Escuela de Ingenieria Mecanica,Escuela de Ingeniería Mecanica
95,20-Jun-2011,Criterios y técnicas de evaluación económica de propuestas de inversión en exploración y explotación de petróleo y gas natural,"Jiménez O., Juver J.",876.04 kB,http://saber.ucv.ve/handle/10872/172,http://saber.ucv.ve/bitstream/10872/172/1/tesis%20pdf.pdf,thesis_pdf/95.pdf,False,No school,None
116,22-Jun-2011,"Análisis técnico operacional para el uso de las unidades multipropósito en la rehabilitación de pozos del Distrito Sur, PDVSA Barinas","Maldonado S., Daniel A.",7.99 MB,http://saber.ucv.ve/handle/10872/189,http://saber.ucv.ve/bitstream/10872/189/1/TRABAJO%20ESPECIAL%20DE%20GRADO%20%28UMP%29.pdf,thesis_pdf/116.pdf,False,Escuela de Ingenieria de Petroleo,Escuela de Ingeniería de Petroleo
66,7-Jun-2011,Estudio del comportamiento ante el desgaste de los recubrimientos MoZrAlSiN depositados sobre un acero AISI 1045 mediante la técnica de PVD,"D’Alessandria P., Mariela C.",7.27 MB,http://saber.ucv.ve/handle/10872/117,http://saber.ucv.ve/bitstream/10872/117/1/Tesis%20D%27Alessandria.pdf,thesis_pdf/66.pdf,False,No school,None
15,31-May-2011,"Aplicación de la metodología vcd (visualización, conceptualización y definición) en la elaboración del programa de perforación del proyecto sle-2-01 del distrito Lagunillas de la división occidente de la unidad de negocio de producción de PDVSA EPM","Aguilar A., Víctor J.; Díaz P., Gabriel",7.4 MB,http://saber.ucv.ve/handle/10872/58,http://saber.ucv.ve/bitstream/10872/58/1/Trabajo%20Especial%20de%20Grado%20VJAA%20GDP.pdf,thesis_pdf/15.pdf,False,No school,None
101,20-Jun-2011,"Elaboración de un manual de de manejo, seguimiento y control de piezas críticas de turbinas a gas","Guzmán B., José E.",7.51 MB,http://saber.ucv.ve/handle/10872/157,http://saber.ucv.ve/bitstream/10872/157/1/MANUAL.PDF,thesis_pdf/101.pdf,False,Escuela de Ingenieria Mecanica,Escuela de Ingeniería Mecanica
112,22-Jun-2011,Obtención de registros sintéticos de pozo mediante el empleo de algoritmos de redes neuronales,"Mata A., Luis S.",7.55 MB,http://saber.ucv.ve/handle/10872/193,http://saber.ucv.ve/bitstream/10872/193/1/lsmata_TEG.pdf,thesis_pdf/112.pdf,False,"Escuela de Geologia, Minas y Geofisica","Escuela de Geología, Minas y Geofísica"
134,23-Jun-2011,Diseño de planta experimental de desalinización solar para abastecer de agua potable a zonas rurales de la Guajira venezolana,"Pocaterra L., Javier E.",7.6 MB,http://saber.ucv.ve/handle/10872/210,http://saber.ucv.ve/bitstream/10872/210/1/Planta%20Desalinizadora%20Solar.pdf,thesis_pdf/134.pdf,False,No school,None
73,7-Jun-2011,Estudio de las rocas ígneas que afloran en la parte central de la cuenca de Falcón.,"Escorihuela, Nancy; Rondón, José",7.75 MB,http://saber.ucv.ve/handle/10872/123,http://saber.ucv.ve/bitstream/10872/123/1/TESIS.pdf,thesis_pdf/73.pdf,False,"ESCUELA DE GEOLOGIA, MINAS Y GEOFISICA","Escuela de Geología, Minas y Geofísica"
52,3-Jun-2011,Evaluación del sistema de manejo de fluidos en superficie para el área mayor de Socororo,"Busto, Trina I.; Zamora M., Oswaldo N.",7.77 MB,http://saber.ucv.ve/handle/10872/95,http://saber.ucv.ve/bitstream/10872/95/1/Tesis%20Acrobat.pdf,thesis_pdf/52.pdf,False,Escuela de Ingenieria de Petroleo,Escuela de Ingeniería de Petroleo
77,13-Jun-2011,"Estudio tectono-estratigráfico del borde septentrional de la cuenca de Barlovento, Estado Miranda: implicaciones neotectónicas","Espínola B., Ebelio J.; Ollarves V., Reinaldo J.",7.77 MB,http://saber.ucv.ve/handle/10872/126,http://saber.ucv.ve/bitstream/10872/126/1/Espinola%20%26%20Ollarves%20-%20Barlovento%20septentrional.pdf,thesis_pdf/77.pdf,False,"Escuela de Geologia, Minas y Geofisica","Escuela de Geología, Minas y Geofísica"
152,20-Jul-2011,Deshidratación de alcoholes pentílicos sobre alumino-silicatos mesoporosos.,"Gandica, Yolimar",6.22 MB,http://saber.ucv.ve/handle/10872/312,http://saber.ucv.ve/bitstream/10872/312/1/T.E.G.%20Gandica%20Yolimar.pdf,thesis_pdf/152.pdf,False,Escuela de Ingenieria Quimica,Escuela de Ingeniería Química
187,30-Sep-2011,"Liderazgo de la enfermera en el cuidado de las adolescentes embarazas, controladas en la consulta prenatal de la Maternidad Concepción Palacios.","Álvarez, Thamara",713.18 kB,http://saber.ucv.ve/handle/10872/322,http://saber.ucv.ve/bitstream/10872/322/1/Tesis%20Liderazgo%20%20de%20la%20enfermera%20%28Thamara%29%20V.%20Final.pdf,thesis_pdf/187.pdf,False,ESCUELA DE ENFERMERIA,Escuela de Enfermería
186,30-Sep-2011,"Conocimiento sobre autocuidado presente en los pacientes con diábetes tipo 1 que asisten a la consulta de medicina interna del Hospital 'Dr. Domingo Luciani', primer semestre de 2005","Alzuru, Luzmar; Veliz, Yasmira; Weffer, Marsonia",729.28 kB,http://saber.ucv.ve/handle/10872/350,http://saber.ucv.ve/bitstream/10872/350/1/Tesis%20Conocimientos%20sobre%20autocuidado%20en%20diabetes.pdf,thesis_pdf/186.pdf,False,ESCUELA DE ENFERMERIA,Escuela de Enfermería
143,23-Jun-2011,"Influencia de la relación de fases en el desempeño fluidodinámico de una columna rellena con empaque estructurado SMVP, con dirección de transferencia de masa de la fase continua a la fase dispersa","Riccelli De P., Roberto D.; Zghun T., Angela M.",989.02 kB,http://saber.ucv.ve/handle/10872/220,http://saber.ucv.ve/bitstream/10872/220/1/Extracci%c3%b3n%20L-L.pdf,thesis_pdf/143.pdf,False,Escuela de Ingenieria Quimica,Escuela de Ingeniería Química
174,30-Sep-2011,Conocimiento que posee el técnico superior en enfermería en la atención del adulto politraumatizado a nivel pre-hospitalario,"Asuf, Yazdani; Bastidas, Jeniffer; López, Claudia",755.6 kB,http://saber.ucv.ve/handle/10872/323,http://saber.ucv.ve/bitstream/10872/323/1/atencion%20prehospitalario.pdf,thesis_pdf/174.pdf,False,ESCUELA DE ENFERMERIA,Escuela de Enfermería
197,30-Sep-2011,Programa educativo de prevención de osteoporosis dirigido a los usuarios que asisten a la consulta de reumatología del Hospital Universitario “Dr. Manuel Núñez Tovar “. En el tercer trimestre del año 2005. Maturín – Estado Monagas,"Bolívar, María; Bolívar, Mirna",798.61 kB,http://saber.ucv.ve/handle/10872/355,http://saber.ucv.ve/bitstream/10872/355/1/Tesis%20Prevenci%c3%b3n%20de%20osteoporosis%20-%20Matur%c3%adn.pdf,thesis_pdf/197.pdf,False,ESCUELA DE ENFERMERIA,Escuela de Enfermería
138,23-Jun-2011,Aplicación de técnicas especiales de control y seguimiento de yacimientos para el diagnóstico del área de Jobo asignado a PetroUDO,"Cabello Solís, Tania M.; Wills López, Violeta C.",8.43 MB,http://saber.ucv.ve/handle/10872/236,http://saber.ucv.ve/bitstream/10872/236/1/TESIS%20Tania%20y%20Violeta.pdf,thesis_pdf/138.pdf,False,Escuela de Ingenieria de Petroleo,Escuela de Ingeniería de Petroleo
57,3-Jun-2011,"Estratigrafía secuencial y sedimentología de las facies turbidíticas del flysch eoceno de la isla de Margarita, Edo. Nueva Esparta, Venezuela","Campos S., Corina; Guzmán G., Oswaldo",8.53 MB,http://saber.ucv.ve/handle/10872/99,http://saber.ucv.ve/bitstream/10872/99/1/TRABAJO%20ESPECIAL%20DE%20GRADO.pdf,thesis_pdf/57.pdf,False,"Escuela de Geologia, Minas y Geofisica","Escuela de Geología, Minas y Geofísica"
35,1-Jun-2011,Evaluación del sistema de agua de enfriamiento de una planta de alquilación.,"Autuori E., Rosa G.; Meza J., Reinerio J.",8.73 MB,http://saber.ucv.ve/handle/10872/67,http://saber.ucv.ve/bitstream/10872/67/1/Tesis.pdf,thesis_pdf/35.pdf,False,Escuela de Ingenieria Quimica,Escuela de Ingeniería Química
121,22-Jun-2011,Diseño de una base de datos y software como insumo para el manual de ingeniería de producción de la Escuela de Petróleo de la Universidad Central de Venezuela: Fase II,"Pérez H., Juan J.; Vega A., Felix E.",8.91 MB,http://saber.ucv.ve/handle/10872/204,http://saber.ucv.ve/bitstream/10872/204/1/DISE%c3%91O1.PDF,thesis_pdf/121.pdf,False,Escuela de Ingenieria de petroleo,Escuela de Ingeniería de Petroleo
148,28-Jun-2011,Estandarización de tuberías de línea y de procesos en la industria petrolera nacional,"Ferrer C., Joel A.",818.4 kB,http://saber.ucv.ve/handle/10872/308,http://saber.ucv.ve/bitstream/10872/308/1/Estandarizaci%c3%b3n%20de%20Tuber%c3%adas%20de%20L%c3%adnea%20y%20de%20Procesos%20en%20la%20Ind.pdf,thesis_pdf/148.pdf,False,Escuela de Ingenieria Mecanica,Escuela de Ingeniería Mecanica
111,22-Jun-2011,"Estilos estructurales de un área ubicada al sur de Maturín, Edo. Monagas","Paredes M., Ana L.",84.35 MB,http://saber.ucv.ve/handle/10872/201,http://saber.ucv.ve/bitstream/10872/201/1/TESIS%20ANA%20PAREDES%20MENDEZ.pdf,thesis_pdf/111.pdf,False,"Escuela de Geologia, Minas y Geofisica","Escuela de Geología, Minas y Geofísica"
11,31-May-2011,Diseño computarizado de intercambiadores de calor bajo ambiente Windows (parteII),"Abdalah B., Mickael",860.19 kB,http://saber.ucv.ve/handle/10872/55,http://saber.ucv.ve/bitstream/10872/55/1/Tesis%20II.pdf,thesis_pdf/11.pdf,False,Escuela de Ingenieria Quimica,Escuela de Ingeniería Química
43,3-Jun-2011,"Construcción de modelos geoestadísticos a escala centimétrica de facies heterolíticas, en las secciones informales C1 Y C2 de la formación oficina, Campo San Diego, Zuata (Edo. Anzoátegui)","Calderón V., Erick M.",9.04 MB,http://saber.ucv.ve/handle/10872/98,http://saber.ucv.ve/bitstream/10872/98/1/Tesis_Final.pdf,thesis_pdf/43.pdf,False,No school,None
190,30-Sep-2011,"Conocimiento de las adolescentes sobre la planificación familia y su acción contra el aborto, área obstétrica, Hospital Instituto Venezolano del Seguro Social (IVSS), Maracay-Estado Aragua, 2do. Semestre 2005","Zea G., Lilian J.",725.34 kB,http://saber.ucv.ve/handle/10872/348,http://saber.ucv.ve/bitstream/10872/348/1/Tesis.pdf,thesis_pdf/190.pdf,False,No school,None
84,15-Jun-2011,"Estudio técnico-económico de las completaciones: hoyo entubado con empaque con grava, hoyo entubado con fracturas altamente conductivas (F.A.C.) y hoyo abierto ampliado con empaque con grava, para los pozos SOC-3 Y SOC-5 del campo Socororo, área mayor de Socororo.","Fonseca P., Félix E.",9.1 MB,http://saber.ucv.ve/handle/10872/134,http://saber.ucv.ve/bitstream/10872/134/1/Tesis.pdf,thesis_pdf/84.pdf,False,ESCUELA DE INGENIERIA DE PETROLEO,Escuela de Ingeniería de Petroleo
93,20-Jun-2011,Estudio de factibilidad y modalidades para la inyección continua de vapor en el yacimiento Bachaquero-02,"León E., Daniel",9.37 MB,http://saber.ucv.ve/handle/10872/174,http://saber.ucv.ve/bitstream/10872/174/1/TEG_DanielLeon.pdf,thesis_pdf/93.pdf,False,Escuela de Ingenieria de Petroleo,Escuela de Ingeniería de Petroleo
133,23-Jun-2011,Prevención de la formación de hidratos de gas en gasoductos,"Ponce V., Elio M.",9.53 MB,http://saber.ucv.ve/handle/10872/211,http://saber.ucv.ve/bitstream/10872/211/1/Tesis.pdf,thesis_pdf/133.pdf,False,Escuela de Ingenieria de Petroleo,Escuela de Ingeniería de Petroleo
109,22-Jun-2011,Aplicación de la metodología VCD (visualización conceptualización y definición) en la elaboración del programa de perforación de un pozo de la localización CS-54 del campo Guafita de la unidad explotación Apure del distrito sur de PDVSA,"Patiño P., José L.; Pérez P., Salvador de J.",9.81 MB,http://saber.ucv.ve/handle/10872/202,http://saber.ucv.ve/bitstream/10872/202/1/Trabajo%20Especial%20de%20Grado.pdf,thesis_pdf/109.pdf,False,Escuela de Ingenieria de Petroleo,Escuela de Ingeniería de Petroleo
188,30-Sep-2011,"Cuidados de enfermería en adolescentes embarazadas que acuden a la consulta prenatal del Hospital tipo 1 Temblador, durante el primer trimestre del año 2006","Farias, Nilses; Pájaro, Dora",947.33 kB,http://saber.ucv.ve/handle/10872/363,http://saber.ucv.ve/bitstream/10872/363/1/Tesis%20Cuidado%20de%20enfermer%c3%ada%20que%20reciben%20las%20adoles.%20embar.%20.pdf,thesis_pdf/188.pdf,False,ESCUELA DE ENFERMERIA,Escuela de Enfermería
149,28-Jun-2011,Simulación de reactores de producción de polietileno en suspensión,"Fusco G., Giovanna M.",973.61 kB,http://saber.ucv.ve/handle/10872/309,http://saber.ucv.ve/bitstream/10872/309/1/T.E.G.%20Fusco%20G.M..pdf,thesis_pdf/149.pdf,False,Escuela de Ingenieria Quimica,Escuela de Ingeniería Química
80,15-Jun-2011,"Modificación de la sección de despojamiento de la torre de vacío T-100X de la planta de destilación de vacío (PVAY-2), del centro de refinación Paraguaná – Amuay","Guevara U., Gabriela",980.79 kB,http://saber.ucv.ve/handle/10872/139,http://saber.ucv.ve/bitstream/10872/139/1/Tesis.pdf,thesis_pdf/80.pdf,False,Escuela de Ingenieria Quimica,Escuela de Ingeniería Química
105,22-Jun-2011,Determinación del perfil de carga óptimo para baterías automotrices de plomo-ácido destinadas a ensayos de prototipos,"Niño S., Denis B.",982.67 kB,http://saber.ucv.ve/handle/10872/198,http://saber.ucv.ve/bitstream/10872/198/1/TEG.pdf,thesis_pdf/105.pdf,False,Escuela de Ingenieria Quimica,Escuela de Ingeniería Química
7,27-May-2011,"La producción de conocimiento : un análisis métrico en el programa de investigación y desarollo del IDEC-FAU-UCV, 2008.","Adrian Mogollón, Julia; Echezuria Perozo, Jorge E.; Valero Goncalves, Yusmary L.",995.92 kB,http://saber.ucv.ve/handle/10872/29,http://saber.ucv.ve/bitstream/10872/29/1/TL-EBA_oct2008_A3.pdf,thesis_pdf/7.pdf,False,ESCUELA DE BIBLIOTECOLOGIA Y ARCHIVOLOGIA,Escuela de Bibliotecología y Archivología
